product_id,category,region,manager,sales_date,quantity,price,revenue
product_88,sports,south,manager_96,2024-02-09,95,61.68,4441.8
product_80,toys,west,manager_87,2023-12-24,92,35.42,2896.32
product_2,electronics,east,manager_59,2023-09-02,87,67.3,7289.28
product_79,electronics,east,manager_75,2023-06-16,64,41.61,3565.65
product_89,home,south,manager_78,2024-05-19,35,50.17,9483.56
product_81,home,south,manager_28,2023-11-13,83,67.97,1183.51
product_77,sports,east,manager_93,2024-04-28,95,54.93,1024.92
product_59,clothing,north,manager_23,2024-05-30,65,35.56,1282.97
product_11,electronics,west,manager_13,2024-01-18,56,23.1,1582.71
product_30,sports,west,manager_1,2023-06-20,58,70.12,401.45
product_75,clothing,west,manager_76,2023-09-21,89,19.15,2554.22
product_59,electronics,east,manager_95,2023-07-13,25,22.4,5205.56
product_20,toys,north,manager_57,2024-02-11,22,82.46,6884.6
product_45,home,south,manager_67,2024-04-02,26,78.34,4583.18
product_97,sports,west,manager_61,2023-09-02,86,35.34,5065.68
product_11,home,north,manager_93,2023-12-28,36,66.83,745.6
product_47,sports,east,manager_73,2024-01-20,100,37.17,2899.81
product_42,clothing,west,manager_32,2023-11-26,43,69.15,5984.62
product_95,clothing,west,manager_80,2023-09-09,31,95.48,8313.99
product_11,toys,south,manager_63,2024-02-02,5,59.44,367.75
product_29,clothing,north,manager_73,2024-04-29,79,22.17,3192.78
product_73,sports,north,manager_98,2023-08-10,51,40.14,8846.16
product_14,sports,south,manager_94,2023-07-30,12,35.17,9636.87
product_42,electronics,east,manager_12,2023-10-05,7,31.18,7432.32
product_32,sports,south,manager_100,2024-01-27,98,12.31,5631.13
product_9,home,north,manager_77,2024-02-08,83,78.71,5415.38
product_100,toys,west,manager_36,2024-01-09,27,46.68,8957.12
product_26,electronics,west,manager_71,2024-02-21,81,89.65,2883.42
product_54,sports,south,manager_41,2024-02-07,96,99.22,2947.62
product_33,home,south,manager_95,2024-01-27,84,79.3,9984.61
product_45,toys,east,manager_95,2023-07-01,32,68.66,2704.31
product_63,clothing,east,manager_96,2023-06-19,90,77.89,6656.99
product_12,electronics,west,manager_30,2024-06-07,85,67.36,2835.61
product_40,sports,east,manager_69,2023-09-13,56,94.26,5064.49
product_6,clothing,west,manager_23,2024-03-19,15,45.78,5059.62
product_41,sports,east,manager_95,2023-07-18,27,27.62,8238.45
product_34,home,east,manager_26,2024-01-19,55,90.66,8717.57
product_38,home,south,manager_81,2023-07-15,90,81.31,6136.25
product_14,electronics,east,manager_91,2023-10-06,73,42.52,5885.85
product_72,clothing,west,manager_99,2024-02-22,15,50.56,2424.58
product_25,clothing,north,manager_13,2024-06-09,81,17.77,5782.53
product_27,electronics,south,manager_49,2023-09-11,53,57.83,383.55
product_48,home,east,manager_65,2023-06-12,77,47.9,9118.81
product_2,electronics,west,manager_94,2023-11-20,24,85.14,8257.26
product_38,clothing,west,manager_20,2023-10-15,96,88.6,8485.72
product_69,toys,west,manager_10,2024-04-16,80,37.75,6480.46
product_96,home,west,manager_6,2023-11-28,65,19.94,6251.6
product_93,toys,south,manager_100,2023-11-18,7,47.37,9570.43
product_20,electronics,west,manager_28,2024-04-18,14,98.22,2596.48
product_77,toys,south,manager_72,2024-06-10,91,52.57,1406.61
product_72,sports,south,manager_95,2024-01-11,49,84.78,7211.2
product_84,sports,north,manager_89,2024-01-29,23,42.34,9434.89
product_5,electronics,north,manager_52,2023-12-21,82,78.33,3440.83
product_52,home,south,manager_69,2023-10-06,3,68.8,9657.6
product_59,home,east,manager_55,2023-10-05,76,94.64,4003.52
product_33,electronics,west,manager_61,2024-04-26,61,87.88,1721.43
product_66,sports,north,manager_93,2024-02-15,34,16.68,2796.43
product_72,home,south,manager_28,2023-10-08,89,59.26,7930.61
product_56,clothing,north,manager_45,2023-12-19,16,73.9,5332.25
product_50,electronics,south,manager_38,2024-05-11,27,33.27,1470.96
product_84,toys,west,manager_57,2024-05-08,48,56.35,1092.34
product_31,sports,west,manager_63,2023-08-12,47,40.31,8926.14
product_4,clothing,north,manager_36,2023-09-12,7,90.59,6120.51
product_27,toys,north,manager_34,2024-01-23,3,23.1,266.9
product_70,toys,east,manager_7,2023-11-16,53,93.76,6447.54
product_84,home,south,manager_21,2023-06-23,66,85.25,603.25
product_61,electronics,east,manager_97,2023-11-07,42,88.16,5686.94
product_91,electronics,north,manager_76,2023-11-28,45,80.5,7331.19
product_6,clothing,east,manager_35,2023-10-22,45,73.74,8812.43
product_58,toys,west,manager_40,2024-03-09,42,70.61,1027.5
product_41,electronics,south,manager_52,2024-05-08,97,32.3,4690.84
product_59,home,north,manager_94,2023-08-23,97,23.11,3280.34
product_90,electronics,east,manager_99,2024-04-19,31,72.14,6157.47
product_12,toys,south,manager_76,2024-02-01,36,60.63,1140.49
product_99,electronics,west,manager_31,2023-07-22,20,62.36,5862.85
product_78,toys,north,manager_50,2024-03-02,39,54.64,7011.0
product_5,electronics,south,manager_37,2023-09-30,51,73.77,7230.3
product_84,sports,south,manager_96,2024-03-18,6,23.22,5830.51
product_57,sports,north,manager_37,2024-05-08,56,76.78,4902.11
product_85,home,north,manager_9,2023-09-01,62,35.12,822.69
product_6,clothing,south,manager_44,2023-07-14,42,75.35,2713.98
product_83,toys,south,manager_67,2023-11-26,77,40.18,9374.37
product_34,sports,south,manager_23,2023-08-12,31,98.47,757.25
product_97,toys,west,manager_41,2023-06-12,87,90.27,4941.88
product_84,electronics,west,manager_28,2023-08-30,58,22.22,2811.17
product_15,toys,north,manager_66,2024-04-21,45,49.58,5947.55
product_8,clothing,south,manager_90,2023-08-02,76,61.45,5907.3
product_4,clothing,north,manager_79,2023-09-22,63,32.3,4504.58
product_88,electronics,north,manager_99,2023-11-26,69,63.34,7740.85
product_78,home,east,manager_23,2023-09-23,29,72.6,2608.14
product_87,home,east,manager_92,2023-07-29,89,43.36,4587.46
product_87,toys,west,manager_41,2023-12-04,88,24.29,7896.1
product_9,clothing,east,manager_3,2024-03-29,24,28.73,6889.72
product_86,clothing,north,manager_15,2024-06-02,54,47.65,7952.96
product_22,home,west,manager_10,2023-08-11,44,66.3,2026.85
product_88,clothing,east,manager_99,2023-08-26,55,18.83,7568.84
product_39,home,east,manager_64,2024-01-28,19,36.1,6800.36
product_62,sports,west,manager_47,2023-07-05,19,88.73,3386.42
product_33,sports,south,manager_68,2024-03-22,79,19.62,5434.33
product_52,clothing,west,manager_97,2024-05-21,11,23.69,5152.88
product_78,home,south,manager_62,2024-01-21,41,75.29,3341.66
product_79,home,west,manager_56,2023-11-04,50,88.11,251.98
product_92,toys,north,manager_8,2024-01-20,54,40.5,9931.81
product_40,clothing,west,manager_72,2023-08-15,25,16.8,7182.6
product_71,toys,north,manager_49,2023-09-29,70,83.91,7618.77
product_71,sports,west,manager_14,2023-11-19,47,15.99,2245.61
product_39,electronics,west,manager_43,2023-06-30,66,10.33,8741.3
product_20,electronics,east,manager_78,2024-05-01,19,93.47,3838.59
product_81,home,east,manager_11,2023-11-23,44,62.45,6445.97
product_97,home,east,manager_5,2024-05-30,21,31.17,9099.72
product_6,home,north,manager_99,2024-02-16,18,29.16,1709.48
product_22,home,north,manager_50,2024-04-30,48,15.37,1554.51
product_24,sports,east,manager_10,2023-09-28,44,91.56,2939.76
product_53,clothing,north,manager_85,2023-12-22,70,84.44,7720.4
product_91,home,north,manager_24,2024-05-09,47,83.9,1709.8
product_80,electronics,north,manager_16,2023-08-06,48,92.24,7425.72
product_46,sports,south,manager_76,2023-12-27,99,25.97,321.19
product_25,home,west,manager_49,2023-07-10,41,26.98,682.53
product_49,electronics,west,manager_23,2023-11-24,69,91.76,9651.8
product_66,clothing,east,manager_52,2023-06-26,90,48.35,3138.5
product_62,sports,east,manager_40,2023-09-01,47,67.1,4156.29
product_49,clothing,west,manager_95,2023-09-16,57,15.89,7502.67
product_6,home,east,manager_26,2023-10-23,75,29.83,2022.6
product_18,toys,east,manager_43,2023-11-02,97,46.37,356.66
product_20,electronics,north,manager_82,2023-10-10,14,68.88,9938.33
product_11,clothing,east,manager_72,2023-06-30,66,60.0,782.61
product_68,toys,east,manager_37,2023-06-17,30,92.15,3097.11
product_24,toys,south,manager_91,2023-10-20,53,55.21,5929.19
product_53,electronics,west,manager_53,2024-04-22,75,14.49,7855.83
product_18,sports,west,manager_65,2023-11-27,31,55.76,8215.61
product_13,sports,south,manager_62,2023-09-03,38,77.69,3424.45
product_61,electronics,north,manager_75,2024-02-21,35,53.44,5471.18
product_100,home,east,manager_38,2024-02-16,30,63.31,8014.8
product_31,toys,south,manager_88,2023-11-05,65,41.31,1864.37
product_44,electronics,east,manager_70,2023-12-02,18,46.97,5777.6
product_53,electronics,west,manager_80,2023-09-22,68,58.19,5057.84
product_26,electronics,east,manager_54,2024-02-24,53,31.85,2279.69
product_20,electronics,south,manager_52,2024-05-09,96,38.36,6301.16
product_70,clothing,west,manager_18,2023-08-25,24,15.35,8208.22
product_62,home,east,manager_60,2023-11-10,11,65.98,9838.2
product_32,electronics,east,manager_79,2024-01-19,89,65.2,1018.1
product_27,clothing,east,manager_52,2023-09-18,77,96.64,8896.83
product_39,toys,south,manager_30,2023-11-17,9,45.78,2187.26
product_40,clothing,north,manager_51,2024-04-22,1,33.78,857.69
product_45,toys,east,manager_52,2024-04-10,26,94.59,8773.34
product_42,electronics,south,manager_13,2023-12-25,13,12.91,8227.65
product_25,electronics,east,manager_81,2023-10-03,37,99.6,6018.85
product_39,sports,west,manager_69,2024-04-24,70,34.8,8543.28
product_51,electronics,west,manager_47,2024-02-27,90,79.85,9267.67
product_75,electronics,west,manager_93,2024-03-18,76,44.23,9468.47
product_51,clothing,north,manager_70,2024-05-21,100,67.81,4979.22
product_53,home,north,manager_7,2023-11-28,41,30.62,2583.15
product_61,clothing,east,manager_76,2024-05-13,2,58.15,9156.82
product_80,toys,east,manager_70,2024-02-28,49,58.47,3792.33
product_48,toys,north,manager_30,2024-04-01,94,23.57,5546.97
product_43,electronics,west,manager_37,2024-02-14,62,37.88,1755.58
product_34,toys,north,manager_44,2023-08-12,61,40.26,8332.66
product_52,toys,west,manager_91,2024-04-29,12,44.6,5080.4
product_55,clothing,north,manager_46,2023-09-22,14,96.58,3673.9
product_85,clothing,east,manager_57,2024-05-19,38,51.8,8413.26
product_68,home,south,manager_68,2023-08-01,88,81.19,1012.73
product_82,home,west,manager_5,2024-03-03,4,68.85,6947.74
product_98,clothing,east,manager_15,2023-08-02,90,20.36,9824.15
product_3,toys,east,manager_10,2024-01-15,7,47.58,213.1
product_82,toys,south,manager_3,2023-11-20,91,29.49,672.32
product_19,clothing,east,manager_60,2023-10-26,94,97.81,1244.1
product_61,clothing,south,manager_69,2024-05-02,60,78.1,5684.5
product_61,sports,south,manager_3,2023-08-30,31,83.93,8784.2
product_4,sports,north,manager_23,2024-01-01,6,98.2,4453.76
product_53,clothing,north,manager_52,2023-08-08,97,47.77,9421.0
product_81,electronics,east,manager_52,2024-06-03,18,43.44,4133.76
product_18,home,west,manager_40,2024-03-22,7,21.25,7037.25
product_94,sports,south,manager_87,2023-06-30,92,70.3,2382.3
product_68,sports,north,manager_47,2023-07-26,57,75.45,9770.68
product_70,toys,south,manager_52,2024-02-29,19,74.72,408.56
product_19,clothing,north,manager_25,2023-06-19,98,28.92,6126.61
product_50,sports,west,manager_69,2024-04-22,90,31.67,9874.26
product_94,sports,east,manager_62,2024-01-27,48,78.51,1509.11
product_1,toys,west,manager_29,2023-09-21,91,50.11,8755.35
product_82,home,west,manager_49,2023-08-04,43,58.1,8020.47
product_71,sports,north,manager_20,2024-05-16,59,80.37,7260.66
product_75,home,west,manager_6,2024-01-26,16,88.62,1563.92
product_32,toys,west,manager_4,2024-04-17,13,52.21,4725.8
product_83,home,east,manager_14,2024-02-06,30,36.5,7048.91
product_69,home,west,manager_60,2024-03-14,77,33.61,9084.27
product_81,toys,south,manager_76,2023-12-25,49,79.35,7947.97
product_20,clothing,west,manager_32,2024-02-24,6,48.37,5280.29
product_29,home,west,manager_9,2023-08-14,88,92.36,862.81
product_42,clothing,north,manager_51,2024-03-13,97,74.99,6416.65
product_86,electronics,east,manager_97,2023-12-24,77,68.65,6642.95
product_97,sports,north,manager_31,2023-09-27,68,56.83,6403.7
product_18,home,west,manager_92,2023-07-13,63,73.55,5770.56
product_70,electronics,east,manager_66,2023-10-18,91,23.95,6993.23
product_79,toys,north,manager_99,2024-05-24,70,60.95,4153.47
product_82,electronics,west,manager_74,2023-11-25,46,21.43,5534.26
product_8,home,south,manager_98,2024-04-18,95,46.43,3673.68
product_76,clothing,south,manager_13,2023-06-19,96,96.3,5239.9
product_33,sports,west,manager_79,2023-08-22,5,12.23,5186.69
product_89,sports,south,manager_42,2024-01-05,29,56.8,3113.79
product_30,electronics,east,manager_5,2024-01-29,31,97.68,3058.26
product_72,electronics,north,manager_94,2023-12-03,95,26.68,3343.28
product_27,electronics,west,manager_52,2023-10-09,20,31.48,1012.98
product_19,sports,south,manager_14,2023-07-25,41,39.45,9047.18
product_15,home,north,manager_89,2023-07-26,97,68.5,9089.3
product_59,electronics,north,manager_12,2023-11-30,65,60.32,7374.8
product_100,sports,south,manager_76,2024-03-10,8,91.56,8067.58
product_90,clothing,west,manager_27,2024-05-28,74,46.83,2652.15
product_26,electronics,west,manager_67,2024-04-02,39,72.7,3343.71
product_52,home,south,manager_37,2023-08-24,81,85.74,5256.84
product_47,sports,north,manager_97,2024-02-28,36,48.33,5317.76
product_21,electronics,north,manager_64,2024-03-11,93,73.84,6616.46
product_30,toys,south,manager_75,2023-08-27,86,77.83,6752.35
product_61,electronics,north,manager_50,2024-04-16,42,26.3,2687.1
product_35,toys,north,manager_87,2024-01-01,78,27.75,6554.54
product_59,toys,west,manager_43,2023-10-20,86,67.3,7209.25
product_7,toys,north,manager_35,2023-07-21,26,46.79,1355.72
product_30,toys,south,manager_58,2024-06-08,87,43.71,9491.23
product_56,clothing,south,manager_23,2023-08-31,61,66.4,718.8
product_43,toys,north,manager_57,2024-05-18,67,76.36,6843.2
product_72,sports,east,manager_57,2024-05-03,72,54.84,9817.4
product_8,electronics,north,manager_82,2023-08-13,53,10.74,7384.9
product_71,home,south,manager_18,2023-08-11,60,79.23,8232.1
product_94,electronics,south,manager_92,2023-12-21,94,78.21,1400.32
product_71,home,north,manager_73,2024-04-02,22,40.36,1801.6
product_6,home,south,manager_84,2023-11-20,15,54.5,8886.12
product_66,home,west,manager_46,2023-11-18,96,16.33,5113.24
product_56,toys,north,manager_20,2023-10-07,85,72.63,145.8
product_46,home,south,manager_31,2024-05-14,9,51.13,7772.32
product_73,sports,south,manager_71,2023-09-19,28,80.36,8202.48
product_93,home,north,manager_79,2024-03-14,11,12.5,8078.52
product_15,clothing,east,manager_44,2023-08-13,97,11.71,6173.72
product_100,sports,west,manager_15,2023-12-23,27,71.2,6873.84
product_20,clothing,south,manager_83,2023-11-08,72,25.28,7391.65
product_74,toys,north,manager_62,2024-03-22,78,60.3,3106.89
product_4,electronics,east,manager_85,2023-07-19,73,75.56,4550.78
product_36,electronics,west,manager_55,2023-09-28,74,40.86,9158.11
product_46,electronics,south,manager_100,2024-06-06,100,65.8,2842.17
product_15,sports,north,manager_34,2023-11-17,17,57.45,7824.69
product_74,electronics,east,manager_41,2023-06-28,2,25.87,7945.4
product_10,home,west,manager_86,2023-12-19,97,34.44,3900.1
product_60,sports,north,manager_36,2023-09-20,83,85.91,2151.13
product_95,electronics,south,manager_15,2023-09-04,71,51.98,4212.3
product_100,toys,north,manager_87,2024-01-06,36,71.78,5677.36
product_84,toys,west,manager_65,2024-02-11,82,10.3,3810.82
product_88,electronics,east,manager_89,2023-10-18,52,84.64,6872.44
product_78,sports,west,manager_93,2023-09-15,98,94.61,1157.14
product_3,home,south,manager_3,2023-09-03,49,59.3,135.49
product_5,clothing,west,manager_1,2024-03-21,14,49.4,1010.11
product_66,toys,south,manager_42,2024-04-23,2,85.12,8851.43
product_64,home,east,manager_31,2024-06-10,15,90.9,8148.27
product_27,toys,north,manager_2,2023-10-08,81,73.9,1240.55
product_36,electronics,east,manager_4,2024-03-21,14,51.42,8831.18
product_50,electronics,north,manager_3,2024-02-17,80,90.24,3956.95
product_8,electronics,north,manager_100,2023-07-03,59,74.94,7064.6
product_35,toys,east,manager_73,2023-09-14,63,40.94,6952.8
product_43,toys,south,manager_64,2024-02-06,95,93.84,5993.33
product_100,clothing,east,manager_42,2023-08-02,7,27.1,5369.5
product_40,home,west,manager_5,2023-09-30,58,58.3,3665.35
product_16,toys,south,manager_48,2024-06-05,23,61.86,2578.96
product_4,toys,north,manager_58,2024-03-04,8,93.31,3696.56
product_95,clothing,west,manager_73,2024-01-31,62,40.6,6973.97
product_75,toys,north,manager_57,2024-03-07,82,13.87,5479.88
product_62,home,east,manager_86,2023-08-13,88,68.7,4793.8
product_52,electronics,north,manager_80,2023-12-22,91,23.38,1438.35
product_43,clothing,east,manager_7,2023-12-23,14,94.37,6800.18
product_100,sports,south,manager_94,2023-07-20,92,68.1,8744.69
product_43,electronics,west,manager_62,2024-03-12,37,46.61,1590.13
product_40,sports,east,manager_71,2023-06-17,83,42.9,7341.85
product_81,home,east,manager_34,2023-09-23,17,53.99,1776.92
product_47,sports,east,manager_14,2023-09-03,83,43.29,5756.76
product_33,sports,west,manager_84,2024-03-12,46,95.13,5359.28
product_90,electronics,south,manager_21,2023-10-08,76,76.52,8358.52
product_92,clothing,north,manager_41,2023-06-13,52,62.57,1018.78
product_95,clothing,south,manager_71,2024-04-06,15,94.78,3654.12
product_19,electronics,east,manager_7,2024-04-28,29,20.51,2017.48
product_72,toys,east,manager_19,2023-08-15,23,25.39,8520.5
product_69,clothing,north,manager_93,2024-02-29,31,64.47,4311.74
product_87,clothing,west,manager_23,2023-11-16,12,70.89,7319.91
product_90,toys,south,manager_93,2023-12-15,89,46.56,6749.18
product_52,clothing,south,manager_56,2024-01-20,60,46.12,9889.79
product_64,electronics,west,manager_33,2023-10-15,34,15.27,2929.3
product_82,toys,east,manager_3,2023-08-02,13,26.51,6419.4
product_48,sports,south,manager_36,2023-10-06,85,40.82,3791.89
product_73,toys,south,manager_100,2024-04-08,13,61.1,9867.96
product_60,toys,west,manager_3,2023-06-15,78,49.7,7835.66
product_45,home,south,manager_22,2023-11-08,13,52.36,4398.24
product_89,sports,east,manager_47,2023-06-29,6,58.61,3678.89
product_12,toys,east,manager_42,2023-10-04,37,50.31,4729.6
product_91,electronics,south,manager_46,2023-10-18,32,61.53,814.4
product_96,toys,north,manager_48,2023-07-23,20,72.89,5671.6
product_74,clothing,west,manager_87,2023-09-03,54,92.49,6977.8
product_17,clothing,west,manager_31,2023-07-28,3,65.9,4628.24
product_99,clothing,south,manager_89,2023-08-21,31,46.76,1782.54
product_43,toys,south,manager_86,2023-10-23,57,73.73,8630.25
product_7,sports,south,manager_46,2024-01-14,64,61.22,1351.46
product_23,sports,east,manager_100,2024-03-15,3,84.16,4667.31
product_47,toys,south,manager_5,2023-12-21,98,75.61,9679.63
product_95,electronics,north,manager_42,2023-12-12,80,12.45,1588.29
product_60,home,south,manager_6,2024-02-19,96,19.9,6815.85
product_72,electronics,west,manager_19,2023-08-19,95,35.57,5469.87
product_45,electronics,east,manager_38,2024-02-29,98,79.3,116.27
product_90,electronics,east,manager_45,2023-08-07,32,83.24,1670.59
product_19,clothing,east,manager_38,2023-12-06,70,14.79,9880.99
product_6,home,north,manager_64,2024-03-09,5,14.28,6906.95
product_62,clothing,south,manager_74,2024-02-20,25,85.5,6788.91
product_82,toys,east,manager_37,2024-02-13,86,11.18,3426.23
product_41,electronics,south,manager_69,2024-03-07,100,35.37,4809.62
product_99,toys,east,manager_62,2023-10-22,84,42.49,2596.59
product_74,electronics,east,manager_15,2024-02-05,15,79.58,9656.57
product_77,sports,east,manager_34,2024-03-20,74,71.36,666.68
product_78,home,south,manager_73,2024-05-31,87,79.42,7623.5
product_86,home,west,manager_6,2023-10-16,90,81.22,1862.93
product_14,toys,west,manager_24,2024-03-20,1,56.8,8840.53
product_30,home,south,manager_85,2023-11-08,89,25.74,7490.14
product_48,clothing,west,manager_2,2023-07-07,4,86.64,1278.25
product_69,toys,south,manager_29,2023-07-13,60,40.34,9391.43
product_27,toys,north,manager_86,2023-09-03,64,20.2,5434.39
product_79,toys,south,manager_13,2023-10-18,86,18.89,4131.43
product_43,clothing,east,manager_12,2023-08-26,77,40.8,4372.54
product_46,home,north,manager_49,2023-08-10,54,94.96,2727.73
product_33,toys,north,manager_39,2024-02-20,98,81.7,2078.44
product_75,electronics,south,manager_60,2023-12-07,39,85.21,4978.55
product_71,toys,east,manager_14,2024-01-25,69,18.66,4698.1
product_67,electronics,north,manager_73,2023-08-10,80,78.59,4906.25
product_83,clothing,west,manager_67,2024-02-24,49,37.28,2003.82
product_100,clothing,north,manager_63,2024-04-17,99,97.2,6448.43
product_9,clothing,south,manager_64,2024-05-27,28,44.75,297.77
product_8,clothing,east,manager_41,2024-04-08,50,74.9,801.1
product_30,clothing,west,manager_49,2023-09-22,24,36.57,9040.6
product_96,electronics,east,manager_85,2023-08-26,75,52.32,5998.56
product_55,toys,north,manager_41,2023-07-03,32,70.26,2630.3
product_26,toys,north,manager_53,2023-12-06,5,27.68,3421.71
product_58,home,east,manager_28,2024-03-03,46,16.91,3875.19
product_58,electronics,east,manager_51,2024-04-25,60,18.79,3732.97
product_15,home,south,manager_2,2023-06-26,37,10.83,3477.3
product_96,home,west,manager_75,2023-11-07,71,45.97,4395.57
product_78,electronics,south,manager_2,2023-09-12,1,18.55,8204.9
product_56,clothing,north,manager_35,2023-08-10,98,85.48,4834.4
product_29,toys,south,manager_39,2023-09-08,93,82.75,5098.27
product_42,clothing,north,manager_2,2023-12-04,36,51.84,936.91
product_80,toys,south,manager_79,2023-08-08,37,93.13,4796.39
product_41,clothing,south,manager_30,2024-05-30,46,17.41,333.49
product_58,sports,north,manager_83,2023-08-31,60,80.41,6598.1
product_3,home,north,manager_5,2023-09-15,51,16.72,4413.88
product_47,home,north,manager_35,2024-02-25,12,35.72,1685.53
product_47,electronics,east,manager_100,2023-10-16,58,99.33,8547.92
product_52,toys,east,manager_77,2024-03-02,71,25.27,2897.18
product_63,sports,north,manager_14,2023-11-02,84,22.22,321.93
product_71,electronics,west,manager_30,2024-04-16,70,89.59,4175.52
product_90,electronics,east,manager_67,2024-02-02,7,71.96,9521.18
product_74,sports,east,manager_80,2023-09-27,60,94.1,102.91
product_88,home,south,manager_49,2023-09-19,38,10.72,4512.39
product_81,sports,south,manager_40,2024-01-29,17,60.54,3726.33
product_29,sports,west,manager_46,2023-08-16,90,78.58,8161.99
product_80,home,east,manager_22,2023-11-29,89,62.15,5511.36
product_59,electronics,south,manager_85,2023-11-08,39,64.99,3389.78
product_22,home,south,manager_1,2024-03-22,50,72.3,3319.5
product_87,sports,east,manager_98,2024-05-25,19,38.71,9383.89
product_30,electronics,west,manager_22,2023-10-01,37,80.7,8798.25
product_16,toys,north,manager_45,2024-02-20,68,42.81,5775.31
product_79,sports,north,manager_38,2023-11-04,56,60.58,5962.89
product_95,toys,south,manager_83,2024-03-17,95,40.67,7783.95
product_73,home,west,manager_9,2023-11-19,76,50.31,2443.71
product_1,home,south,manager_81,2023-09-19,48,75.45,6245.68
product_33,sports,south,manager_52,2024-04-27,87,19.94,6700.63
product_32,electronics,south,manager_51,2023-10-01,44,57.5,6256.76
product_68,clothing,east,manager_80,2024-05-05,40,14.7,8685.47
product_45,toys,east,manager_59,2024-06-03,47,46.97,2877.0
product_30,toys,west,manager_80,2024-02-23,32,24.85,5568.7
product_11,home,south,manager_16,2024-04-26,31,55.5,8923.2
product_52,clothing,east,manager_87,2023-10-07,83,24.87,1978.73
product_91,clothing,west,manager_74,2023-07-28,79,25.12,1096.95
product_14,electronics,west,manager_73,2024-04-24,69,36.3,506.7
product_45,electronics,north,manager_42,2024-01-24,5,90.42,9079.38
product_1,toys,west,manager_51,2023-06-13,25,19.72,4455.5
product_39,electronics,north,manager_74,2024-01-10,20,28.55,8836.56
product_34,toys,south,manager_35,2024-04-13,35,44.51,1495.55
product_11,home,north,manager_77,2023-08-23,16,18.99,5179.98
product_74,toys,east,manager_23,2023-12-21,71,22.77,9143.43
product_91,toys,south,manager_37,2023-09-03,24,14.78,2612.63
product_8,electronics,east,manager_73,2023-07-18,1,33.27,2440.36
product_3,sports,east,manager_87,2023-09-17,15,12.33,3286.84
product_35,home,east,manager_25,2023-10-21,39,50.13,2962.0
product_44,clothing,south,manager_74,2024-04-24,27,23.13,2876.31
product_87,electronics,north,manager_53,2024-02-09,83,51.0,825.83
product_45,toys,south,manager_57,2024-05-19,23,48.24,6278.77
product_26,clothing,north,manager_89,2024-02-07,6,17.8,6752.93
product_52,toys,north,manager_9,2023-07-30,4,16.55,6622.57
product_42,clothing,west,manager_96,2023-11-28,28,89.36,9844.27
product_70,electronics,west,manager_25,2023-07-27,100,38.34,7444.1
product_23,home,west,manager_25,2023-10-26,73,21.41,7900.41
product_19,clothing,south,manager_39,2023-07-22,40,62.85,8763.83
product_19,toys,north,manager_54,2023-09-25,78,56.21,4822.95
product_79,toys,east,manager_94,2023-07-07,79,67.8,2747.7
product_88,home,west,manager_2,2023-12-19,93,38.17,6105.88
product_41,home,south,manager_68,2023-11-04,28,48.64,970.37
product_30,home,west,manager_29,2024-02-16,97,65.0,7062.35
product_47,toys,west,manager_96,2024-04-03,49,95.64,4230.75
product_52,sports,west,manager_24,2023-11-02,63,96.42,4829.97
product_5,electronics,north,manager_73,2023-11-08,72,53.89,9134.5
product_96,toys,north,manager_70,2023-12-18,14,46.8,7376.16
product_57,clothing,west,manager_43,2023-08-31,41,81.1,3961.16
product_52,toys,north,manager_18,2023-11-04,37,37.22,3494.9
product_61,electronics,south,manager_19,2024-04-18,82,39.3,1765.25
product_60,sports,west,manager_33,2024-03-14,77,90.78,5895.7
product_94,toys,north,manager_43,2023-07-17,28,27.16,2962.36
product_84,toys,south,manager_84,2023-12-16,60,71.52,1518.98
product_3,home,north,manager_6,2023-12-14,91,72.49,1978.8
product_75,home,north,manager_13,2023-11-21,24,30.93,897.17
product_27,sports,north,manager_29,2023-07-25,19,40.6,3544.49
product_56,electronics,south,manager_52,2024-05-12,73,73.31,3417.71
product_37,sports,west,manager_10,2023-08-17,62,52.46,4845.89
product_22,home,west,manager_77,2024-01-04,29,64.28,971.25
product_15,home,north,manager_12,2024-05-03,88,18.14,7573.58
product_77,home,south,manager_19,2024-04-05,30,73.64,5401.92
product_84,home,west,manager_85,2024-05-05,10,75.73,2026.89
product_51,sports,east,manager_80,2023-12-28,59,30.68,4192.3
product_2,toys,east,manager_60,2023-08-03,11,73.99,6165.96
product_16,clothing,east,manager_41,2023-10-10,35,56.88,4039.38
product_88,sports,east,manager_22,2024-05-09,16,73.42,6210.31
product_57,home,south,manager_29,2024-01-05,25,96.18,7858.22
product_21,toys,south,manager_65,2024-04-15,77,58.94,1806.48
product_86,clothing,west,manager_71,2023-11-25,43,68.93,8185.33
product_96,electronics,east,manager_26,2023-09-21,11,21.12,8630.7
product_69,clothing,north,manager_45,2023-11-26,4,95.47,1462.15
product_16,home,south,manager_97,2024-06-09,33,50.1,4903.91
product_90,home,west,manager_11,2023-10-16,96,32.83,7367.24
product_14,toys,north,manager_37,2023-12-16,95,48.48,2387.94
product_21,sports,north,manager_18,2024-03-22,48,62.77,8010.54
product_30,sports,north,manager_61,2023-11-27,1,15.5,8221.99
product_76,sports,north,manager_46,2023-07-13,44,69.15,904.29
product_75,toys,west,manager_26,2023-09-22,63,11.65,4342.2
product_73,electronics,west,manager_25,2023-10-06,71,26.53,2705.6
product_75,toys,east,manager_51,2024-03-05,15,60.94,661.53
product_39,sports,south,manager_60,2024-05-14,93,72.5,4947.98
product_86,home,north,manager_21,2023-08-08,32,58.73,5392.61
product_19,home,north,manager_3,2023-12-04,93,83.85,5595.63
product_74,home,east,manager_93,2023-12-22,47,22.96,179.66
product_93,home,north,manager_80,2024-03-28,86,52.15,8575.1
product_97,electronics,west,manager_93,2024-04-12,77,83.8,6004.21
product_34,toys,north,manager_37,2023-06-28,31,34.6,136.62
product_48,home,west,manager_34,2023-08-14,100,32.38,2191.32
product_97,sports,east,manager_7,2024-01-27,86,14.64,1320.92
product_48,home,south,manager_26,2023-08-22,90,73.6,7869.32
product_17,home,west,manager_88,2023-08-06,27,70.31,3540.25
product_99,home,north,manager_24,2023-07-05,81,34.79,3859.18
product_56,sports,south,manager_53,2023-11-16,62,36.96,3785.39
product_40,toys,south,manager_20,2023-12-30,64,24.63,7895.45
product_99,electronics,north,manager_82,2023-07-11,40,31.1,3724.47
product_41,toys,north,manager_34,2023-06-17,51,12.7,6458.16
product_22,toys,east,manager_32,2023-12-10,98,92.9,2494.69
product_19,toys,west,manager_57,2024-01-04,37,90.92,3090.97
product_93,electronics,south,manager_83,2023-12-07,15,40.35,5011.97
product_1,clothing,east,manager_10,2023-07-25,70,97.44,8338.6
product_85,clothing,west,manager_77,2023-08-12,47,14.7,4714.81
product_77,electronics,south,manager_66,2023-09-24,86,92.49,5493.7
product_75,sports,west,manager_46,2024-01-17,21,43.53,414.84
product_31,electronics,west,manager_58,2024-05-12,12,13.45,1054.0
product_7,sports,north,manager_20,2024-04-05,63,94.7,4274.66
product_15,sports,west,manager_83,2024-05-29,21,96.61,6699.41
product_49,electronics,east,manager_35,2023-06-29,93,24.68,8260.5
product_1,toys,east,manager_58,2023-11-07,91,40.16,3751.8
product_41,home,east,manager_42,2023-11-01,51,22.16,2134.63
product_77,clothing,north,manager_27,2023-12-04,39,94.2,4062.29
product_41,sports,north,manager_9,2024-03-13,42,54.96,172.79
product_83,clothing,east,manager_11,2024-01-30,88,30.4,7466.31
product_100,clothing,south,manager_62,2024-02-13,52,54.56,7568.85
product_60,clothing,south,manager_99,2023-09-22,29,78.29,2255.3
product_27,home,south,manager_8,2024-04-08,7,98.19,862.16
product_96,home,west,manager_50,2024-04-18,20,77.18,832.37
product_66,electronics,east,manager_52,2024-04-29,79,96.4,9269.14
product_34,home,south,manager_48,2023-08-21,54,79.12,873.18
product_38,toys,south,manager_41,2024-01-16,15,77.33,1266.32
product_17,sports,east,manager_76,2023-08-27,97,92.79,9352.87
product_22,electronics,east,manager_78,2023-12-16,4,51.36,5918.43
product_42,toys,east,manager_76,2023-09-22,76,44.54,9968.85
product_10,clothing,west,manager_5,2024-04-24,47,41.26,1565.63
product_28,toys,north,manager_84,2023-10-25,30,29.2,6892.65
product_45,sports,south,manager_50,2023-07-05,15,90.31,2500.54
product_84,electronics,west,manager_84,2023-08-17,2,10.63,9374.2
product_45,clothing,south,manager_74,2023-11-18,59,72.3,2421.17
product_76,toys,west,manager_46,2024-03-29,70,22.93,6768.67
product_75,home,east,manager_34,2023-08-02,96,95.8,1069.38
product_21,clothing,north,manager_68,2024-05-10,46,51.27,3789.8
product_53,electronics,east,manager_47,2024-06-10,92,88.84,7208.34
product_70,home,west,manager_53,2023-10-20,75,37.13,6935.5
product_79,electronics,south,manager_31,2023-11-14,45,69.24,2579.56
product_18,home,west,manager_71,2023-07-16,42,29.19,2889.32
product_65,electronics,west,manager_68,2023-12-30,77,58.74,8202.52
product_22,electronics,north,manager_49,2024-03-19,29,86.61,1281.14
product_61,clothing,west,manager_9,2024-03-16,49,75.9,9496.4
product_78,toys,north,manager_25,2023-09-29,38,24.0,4255.7
product_52,electronics,south,manager_64,2023-10-13,35,67.22,1078.95
product_83,home,west,manager_6,2023-10-29,56,26.94,1340.25
product_74,clothing,west,manager_97,2023-08-28,28,71.79,2403.18
product_43,electronics,north,manager_48,2024-01-13,25,51.84,5419.52
product_80,clothing,east,manager_95,2024-04-18,19,64.2,9523.5
product_26,sports,west,manager_52,2024-03-27,7,62.1,4077.54
product_98,toys,south,manager_45,2023-10-18,5,45.95,7976.28
product_67,home,north,manager_1,2023-07-04,53,98.0,6762.98
product_85,toys,north,manager_47,2023-12-29,78,72.37,4760.42
product_34,toys,west,manager_13,2024-06-01,45,92.88,8559.97
product_52,sports,south,manager_42,2024-03-06,45,28.96,6078.23
product_91,clothing,south,manager_72,2024-01-13,39,10.12,6975.12
product_84,toys,north,manager_88,2023-06-30,96,35.85,9850.61
product_16,sports,north,manager_78,2023-12-14,31,57.68,7579.8
product_12,home,east,manager_54,2024-01-26,51,19.51,3601.39
product_69,toys,east,manager_46,2023-11-11,74,87.3,7632.35
product_16,electronics,east,manager_4,2024-01-11,37,66.34,6012.51
product_5,home,south,manager_25,2023-09-26,67,20.18,615.87
product_60,home,north,manager_86,2023-12-07,77,55.53,8517.34
product_91,sports,east,manager_63,2023-06-16,75,63.5,609.99
product_92,clothing,north,manager_34,2024-05-08,93,70.33,467.41
product_25,electronics,west,manager_45,2023-12-27,48,67.12,5692.14
product_88,toys,east,manager_16,2023-06-28,43,32.45,4451.12
product_18,electronics,east,manager_78,2023-10-16,40,60.35,9857.4
product_30,clothing,east,manager_7,2024-04-01,45,45.2,8494.33
product_43,home,west,manager_17,2024-04-18,24,36.4,8037.6
product_23,toys,south,manager_73,2023-07-09,33,79.85,1010.26
product_52,home,west,manager_96,2023-07-04,88,31.99,3238.92
product_19,toys,north,manager_5,2024-04-15,11,72.66,4099.13
product_2,home,north,manager_1,2024-03-24,31,28.13,3971.4
product_35,sports,north,manager_88,2024-05-29,21,57.1,5833.45
product_76,sports,south,manager_85,2023-11-19,29,44.32,371.8
product_92,clothing,east,manager_43,2024-01-19,45,81.47,1138.7
product_94,clothing,west,manager_59,2024-04-10,21,77.85,9399.31
product_97,electronics,east,manager_55,2023-07-23,65,67.33,5656.45
product_65,clothing,south,manager_20,2023-09-19,19,63.37,6873.34
product_58,toys,west,manager_63,2024-04-20,72,59.25,3041.32
product_44,electronics,east,manager_25,2023-09-17,20,96.72,9103.62
product_42,sports,north,manager_72,2024-02-10,22,73.86,1251.59
product_100,home,north,manager_5,2023-11-25,24,56.77,6881.34
product_17,home,north,manager_55,2023-10-15,18,83.29,5131.56
product_51,sports,south,manager_42,2023-07-08,18,94.56,314.91
product_82,toys,north,manager_77,2024-05-18,68,66.45,3871.76
product_71,sports,east,manager_66,2023-11-20,13,69.72,8148.8
product_33,toys,west,manager_48,2023-08-17,87,83.32,4822.9
product_36,home,south,manager_6,2024-05-10,1,24.49,7003.59
product_79,electronics,south,manager_13,2024-03-30,79,92.67,3176.13
product_75,clothing,west,manager_97,2023-12-26,93,95.68,5035.13
product_9,clothing,east,manager_32,2023-09-07,99,63.15,5925.65
product_40,home,east,manager_77,2023-08-12,16,83.62,4458.8
product_24,electronics,south,manager_4,2023-06-12,62,35.53,6054.83
product_40,electronics,south,manager_77,2023-08-28,29,69.78,2783.44
product_81,toys,west,manager_42,2024-05-03,47,78.98,8888.94
product_46,toys,east,manager_36,2023-06-28,11,97.25,4854.85
product_88,clothing,east,manager_71,2024-04-17,33,33.12,5926.19
product_81,sports,north,manager_99,2023-11-06,26,61.15,8164.52
product_18,electronics,east,manager_79,2023-06-11,99,67.56,8650.6
product_25,home,east,manager_20,2023-10-26,12,94.1,7159.72
product_51,clothing,west,manager_14,2023-10-20,35,20.62,1698.29
product_17,toys,south,manager_96,2023-10-25,84,95.88,4612.98
product_48,toys,south,manager_12,2024-01-21,8,31.99,1735.2
product_7,sports,south,manager_51,2023-12-28,4,85.5,1558.9
product_39,electronics,south,manager_57,2023-10-02,76,27.39,7251.2
product_65,sports,west,manager_89,2023-12-25,64,71.55,3738.25
product_78,home,south,manager_53,2023-09-14,72,84.83,2677.52
product_71,toys,west,manager_59,2024-04-22,62,90.2,6848.16
product_22,home,north,manager_45,2023-10-06,35,17.56,5192.78
product_90,sports,north,manager_51,2023-10-21,45,59.3,9125.32
product_6,electronics,north,manager_21,2023-12-18,83,33.79,3547.79
product_74,electronics,east,manager_70,2024-05-06,95,39.38,6798.2
product_72,sports,north,manager_73,2023-08-05,6,73.42,2256.68
product_15,home,east,manager_38,2023-12-06,10,62.44,9490.38
product_45,electronics,west,manager_74,2023-07-14,48,60.67,2868.26
product_50,home,west,manager_5,2024-01-15,59,51.9,4286.71
product_13,sports,south,manager_13,2023-06-17,31,37.68,5462.2
product_45,electronics,east,manager_69,2023-06-29,49,68.73,3159.52
product_91,sports,east,manager_58,2023-06-22,59,78.34,5805.63
product_24,clothing,south,manager_71,2024-05-17,68,86.95,6408.49
product_43,toys,west,manager_96,2024-02-16,52,48.91,5334.69
product_87,home,east,manager_48,2024-04-21,41,67.42,852.92
product_87,electronics,north,manager_88,2024-02-16,57,71.95,9479.67
product_52,toys,west,manager_35,2024-01-28,6,99.56,6851.24
product_16,clothing,north,manager_58,2024-01-05,5,11.87,9542.98
product_36,home,south,manager_18,2024-03-13,20,84.15,3677.62
product_55,electronics,east,manager_92,2023-08-24,20,52.4,9334.88
product_96,sports,south,manager_82,2024-02-28,98,45.98,5232.57
product_38,electronics,east,manager_54,2024-04-21,22,43.61,4524.19
product_79,toys,west,manager_53,2024-04-07,77,62.48,1391.21
product_81,sports,south,manager_33,2024-04-27,22,27.16,2340.27
product_86,clothing,south,manager_51,2023-09-06,77,34.68,8995.53
product_28,sports,north,manager_38,2024-01-27,38,47.12,5520.45
product_48,home,east,manager_28,2023-11-01,30,38.4,2435.6
product_14,home,south,manager_4,2023-08-10,80,61.35,2688.91
product_34,sports,east,manager_27,2023-11-05,89,71.23,9863.93
product_57,sports,north,manager_49,2024-05-26,10,15.2,4445.83
product_53,sports,south,manager_37,2023-06-17,72,56.21,5205.29
product_73,electronics,east,manager_93,2023-07-19,80,85.43,4748.95
product_96,toys,west,manager_55,2023-11-20,49,60.51,8727.26
product_85,home,west,manager_75,2024-01-19,83,57.57,7528.77
product_12,toys,west,manager_40,2023-11-29,90,45.8,5192.35
product_6,home,north,manager_54,2023-12-18,66,23.34,5629.79
product_1,clothing,south,manager_44,2023-11-09,36,77.92,5392.48
product_92,electronics,north,manager_10,2024-05-11,98,53.1,4369.23
product_34,toys,south,manager_22,2024-06-09,45,47.61,8327.8
product_23,clothing,north,manager_95,2024-02-22,37,64.81,8542.13
product_11,toys,east,manager_16,2023-06-17,23,65.57,9852.9
product_3,sports,east,manager_43,2024-03-11,18,82.8,3270.8
product_2,clothing,south,manager_28,2023-10-14,15,98.29,6346.89
product_86,sports,north,manager_59,2023-12-18,25,85.69,4381.5
product_69,clothing,south,manager_18,2023-06-15,89,16.46,2209.37
product_73,home,west,manager_2,2023-09-15,95,40.81,5380.7
product_97,electronics,west,manager_10,2024-01-12,76,36.65,6564.8
product_43,clothing,east,manager_95,2023-09-16,91,26.18,9531.46
product_40,toys,east,manager_96,2023-08-24,28,14.9,1474.4
product_32,clothing,west,manager_92,2023-12-11,17,95.97,2640.9
product_61,toys,south,manager_10,2024-05-29,36,72.95,4882.89
product_94,toys,west,manager_89,2023-12-30,70,30.9,4918.91
product_50,sports,west,manager_20,2023-11-25,37,21.1,847.83
product_20,toys,west,manager_30,2024-04-22,97,33.25,2006.87
product_82,sports,east,manager_27,2023-06-27,89,90.86,8052.51
product_25,toys,west,manager_70,2024-01-26,87,61.63,1609.24
product_10,toys,east,manager_53,2024-04-29,13,44.33,1811.27
product_23,clothing,south,manager_36,2023-11-08,45,50.7,6851.65
product_6,toys,east,manager_57,2023-08-04,88,85.84,6291.87
product_98,sports,south,manager_95,2024-02-14,36,66.56,5907.76
product_38,toys,east,manager_78,2023-06-12,5,19.25,301.39
product_35,toys,west,manager_72,2024-02-11,49,95.1,4299.88
product_73,home,west,manager_96,2023-12-26,13,47.11,3499.52
product_43,sports,east,manager_85,2024-02-27,30,14.91,8298.45
product_35,toys,north,manager_28,2023-08-03,37,38.68,2019.38
product_48,home,north,manager_84,2023-10-19,81,99.79,5269.83
product_22,toys,west,manager_100,2024-06-05,79,92.5,8956.18
product_33,electronics,east,manager_52,2024-01-25,20,94.96,2036.43
product_90,clothing,east,manager_48,2024-03-01,68,23.6,3827.9
product_19,home,west,manager_73,2024-03-03,54,60.54,5770.45
product_77,toys,south,manager_70,2023-11-29,86,38.5,5984.61
product_4,clothing,south,manager_99,2024-01-23,74,49.25,3782.84
product_29,electronics,west,manager_50,2023-07-20,64,84.0,481.8
product_67,toys,north,manager_58,2023-12-13,6,52.9,7496.0
product_82,clothing,east,manager_24,2023-08-14,30,70.4,8305.55
product_93,toys,north,manager_10,2024-02-12,59,63.78,5723.38
product_5,home,west,manager_80,2023-11-10,66,81.5,3428.1
product_44,sports,north,manager_20,2024-05-25,63,70.9,5732.9
product_3,electronics,north,manager_97,2024-03-28,58,78.93,7752.52
product_16,clothing,east,manager_64,2024-02-23,67,50.61,2002.77
product_52,clothing,east,manager_41,2023-12-27,41,25.7,1170.98
product_94,clothing,east,manager_30,2023-09-01,41,54.4,5955.32
product_82,sports,west,manager_63,2023-10-21,30,49.49,2064.57
product_38,toys,north,manager_75,2023-07-26,53,79.36,9719.66
product_21,electronics,north,manager_26,2023-11-19,22,26.13,858.14
product_41,toys,east,manager_45,2023-08-07,45,20.3,1431.92
product_14,sports,west,manager_26,2023-07-27,3,29.69,5226.7
product_69,toys,east,manager_26,2024-01-13,27,70.46,5252.5
product_41,sports,east,manager_61,2024-03-14,38,94.44,5865.18
product_83,home,south,manager_64,2024-01-12,41,23.94,7112.48
product_32,sports,south,manager_59,2023-10-23,50,43.31,1635.31
product_48,electronics,west,manager_61,2023-07-19,68,94.0,7059.92
product_41,home,west,manager_55,2023-08-24,58,18.55,6777.19
product_29,clothing,south,manager_54,2024-02-21,5,62.94,8133.83
product_59,toys,south,manager_50,2023-12-11,29,64.72,4726.7
product_39,clothing,north,manager_56,2023-12-30,38,52.74,4574.9
product_59,home,east,manager_73,2023-07-06,24,58.36,6154.6
product_82,toys,east,manager_66,2023-12-28,70,68.25,9154.3
product_59,electronics,west,manager_42,2024-04-04,72,26.5,1765.76
product_22,electronics,north,manager_12,2023-11-05,23,86.37,4703.49
product_89,toys,south,manager_2,2023-08-15,12,70.92,9971.56
product_22,electronics,west,manager_22,2024-02-16,68,60.44,1525.72
product_4,toys,north,manager_26,2024-02-10,1,62.21,3466.45
product_52,clothing,north,manager_56,2024-06-07,5,25.57,8290.57
product_62,toys,south,manager_92,2023-07-22,72,69.66,7821.2
product_94,sports,east,manager_18,2024-01-07,73,26.44,5552.15
product_98,toys,west,manager_30,2023-10-11,46,52.98,442.29
product_5,home,east,manager_63,2023-08-08,79,67.86,7429.99
product_39,electronics,south,manager_29,2024-04-08,84,83.73,4226.18
product_94,electronics,north,manager_27,2024-03-01,60,78.62,6194.98
product_67,home,east,manager_53,2023-11-14,23,96.2,9489.45
product_38,electronics,west,manager_78,2023-12-29,76,72.27,7479.59
product_48,sports,north,manager_17,2024-04-14,42,63.91,7574.7
product_26,clothing,south,manager_68,2024-02-05,88,94.66,6900.98
product_100,electronics,west,manager_86,2023-10-27,64,39.97,995.54
product_91,toys,east,manager_89,2024-05-22,71,10.41,8077.24
product_39,sports,east,manager_7,2023-11-08,46,34.31,7893.55
product_6,electronics,east,manager_7,2024-03-13,82,50.26,4407.37
product_67,clothing,west,manager_70,2024-02-21,14,77.56,3183.58
product_94,toys,west,manager_42,2023-12-31,7,43.65,3480.64
product_6,clothing,west,manager_16,2024-02-11,44,46.99,8833.38
product_10,electronics,west,manager_94,2023-11-16,44,18.5,1543.29
product_32,sports,west,manager_45,2023-09-27,15,37.61,904.5
product_50,electronics,north,manager_41,2024-06-08,29,89.65,5396.13
product_62,sports,east,manager_90,2023-07-03,17,60.5,3145.18
product_80,sports,north,manager_59,2023-09-30,41,73.65,2403.2
product_69,electronics,west,manager_5,2024-04-24,73,54.48,3709.97
product_88,electronics,south,manager_53,2024-03-03,96,96.3,8148.31
product_51,electronics,south,manager_73,2023-12-01,37,56.41,7002.74
product_10,sports,west,manager_58,2023-07-31,75,18.18,4805.2
product_98,sports,south,manager_73,2024-02-13,11,61.17,8670.56
product_9,toys,west,manager_89,2023-08-16,33,91.53,9884.73
product_12,electronics,east,manager_48,2024-02-09,58,21.27,1966.35
product_19,clothing,west,manager_16,2023-12-08,50,63.6,7482.31
product_1,electronics,south,manager_31,2024-03-24,36,97.29,6989.51
product_66,toys,east,manager_76,2024-03-17,6,36.5,1350.85
product_18,clothing,south,manager_62,2024-05-01,96,89.76,6804.28
product_90,clothing,west,manager_35,2024-04-07,88,58.4,5687.41
product_27,electronics,south,manager_68,2024-03-18,36,67.8,9298.9
product_59,toys,north,manager_2,2023-06-25,50,15.1,8240.36
product_12,toys,east,manager_71,2023-09-08,47,93.48,2490.84
product_6,clothing,north,manager_13,2024-05-29,59,77.1,3516.37
product_45,home,north,manager_10,2023-11-11,50,77.7,283.16
product_83,electronics,north,manager_2,2024-05-01,76,85.73,6926.29
product_8,sports,west,manager_27,2023-07-07,79,17.77,5372.53
product_92,toys,west,manager_65,2023-07-11,45,69.13,6256.88
product_18,electronics,north,manager_84,2023-06-26,93,18.71,6013.99
product_6,electronics,east,manager_15,2023-11-09,26,15.33,1443.47
product_9,electronics,north,manager_8,2023-09-27,75,67.74,9212.4
product_37,clothing,east,manager_16,2023-07-07,20,19.5,3979.55
product_54,sports,north,manager_44,2023-12-19,89,19.67,7083.59
product_46,sports,east,manager_52,2024-01-15,37,96.3,8786.0
product_51,toys,west,manager_58,2024-01-11,75,97.94,9179.63
product_60,home,west,manager_81,2024-02-14,74,17.74,7660.98
product_10,clothing,west,manager_25,2023-06-27,18,10.83,1618.7
product_65,sports,south,manager_67,2024-04-26,20,41.73,3865.14
product_63,clothing,east,manager_5,2023-10-20,82,81.15,4786.53
product_60,clothing,west,manager_6,2024-04-06,49,72.37,3098.77
product_71,toys,east,manager_12,2024-01-20,39,27.47,9935.87
product_47,clothing,north,manager_53,2023-06-27,63,70.86,1237.9
product_9,clothing,south,manager_36,2023-10-11,16,69.61,5347.88
product_17,electronics,west,manager_81,2024-05-09,61,82.61,3194.56
product_36,clothing,west,manager_70,2023-12-10,65,41.35,1777.54
product_56,clothing,north,manager_2,2024-01-21,13,73.57,4890.4
product_42,toys,south,manager_56,2024-04-18,49,69.83,9236.12
product_42,sports,north,manager_81,2023-11-25,10,63.72,865.85
product_29,toys,west,manager_71,2023-08-09,8,15.26,8466.39
product_73,sports,north,manager_100,2024-04-10,95,13.97,2455.47
product_33,toys,south,manager_24,2023-10-15,87,37.79,8261.73
product_5,electronics,south,manager_71,2024-05-18,85,97.52,958.6
product_91,home,north,manager_95,2024-05-17,1,54.58,1259.65
product_35,clothing,west,manager_16,2024-05-05,15,96.83,3997.34
product_44,electronics,west,manager_82,2023-08-10,69,13.47,7325.31
product_50,home,west,manager_14,2024-01-30,53,62.1,3854.37
product_29,toys,east,manager_98,2023-12-25,53,70.88,7877.23
product_97,toys,east,manager_95,2024-02-29,88,94.21,3469.34
product_66,electronics,east,manager_49,2023-09-17,69,75.16,6629.37
product_69,home,west,manager_98,2023-12-13,70,77.98,9649.64
product_2,clothing,east,manager_66,2023-12-12,2,23.65,5942.76
product_66,home,south,manager_28,2024-04-13,90,27.43,2236.54
product_16,clothing,east,manager_97,2023-08-30,32,96.78,7135.25
product_31,electronics,east,manager_33,2023-09-22,78,58.74,8961.68
product_36,clothing,west,manager_94,2024-02-28,35,67.4,2812.33
product_50,home,north,manager_58,2023-10-21,49,89.74,9715.31
product_44,electronics,west,manager_69,2024-02-24,98,81.58,3387.54
product_1,electronics,west,manager_37,2023-12-22,14,93.96,6404.78
product_82,home,west,manager_13,2023-10-24,32,39.37,7962.97
product_80,sports,south,manager_23,2023-09-24,97,50.95,5382.51
product_50,clothing,north,manager_26,2024-04-09,25,15.76,4274.94
product_22,sports,south,manager_83,2023-08-03,77,34.9,8865.48
product_27,toys,west,manager_80,2024-04-19,8,84.26,2530.78
product_59,clothing,north,manager_31,2024-02-06,7,79.4,3385.3
product_15,clothing,south,manager_95,2023-07-30,96,47.18,7320.5
product_81,clothing,west,manager_88,2023-09-02,99,53.83,8611.21
product_57,sports,south,manager_5,2023-11-21,96,27.15,1679.5
product_93,toys,east,manager_32,2023-08-03,46,14.86,4436.12
product_34,sports,west,manager_86,2024-05-07,2,85.39,9723.34
product_6,sports,east,manager_76,2023-08-14,50,79.49,4422.21
product_17,home,south,manager_37,2024-04-27,50,93.15,2249.77
product_80,home,south,manager_95,2023-07-21,27,39.14,2064.64
product_94,clothing,south,manager_8,2023-11-04,88,42.75,3227.64
product_66,toys,south,manager_51,2023-09-19,68,81.22,5198.27
product_77,electronics,north,manager_11,2023-11-16,12,98.18,1311.12
product_77,toys,north,manager_17,2024-03-24,57,68.45,6121.16
product_3,clothing,north,manager_37,2024-05-06,22,62.6,6233.58
product_74,toys,north,manager_95,2024-05-16,18,23.94,7464.63
product_51,clothing,north,manager_2,2023-12-30,84,22.24,3343.7
product_66,toys,east,manager_71,2024-02-15,74,73.77,5309.62
product_82,sports,east,manager_82,2024-04-05,20,96.57,788.74
product_53,sports,east,manager_58,2024-04-19,55,93.16,4204.76
product_88,clothing,south,manager_63,2023-12-15,5,48.28,8892.68
product_64,sports,north,manager_70,2024-05-09,23,70.71,9412.99
product_80,toys,north,manager_23,2023-09-23,18,31.6,9447.1
product_18,clothing,west,manager_75,2024-04-21,81,52.25,8046.89
product_99,home,south,manager_46,2024-05-23,58,75.67,7112.33
product_51,sports,south,manager_37,2024-04-23,72,64.6,2239.5
product_74,toys,east,manager_30,2024-03-05,24,55.32,4168.15
product_53,clothing,east,manager_96,2023-10-13,20,36.68,5512.28
product_44,electronics,west,manager_77,2024-03-03,100,34.55,2232.31
product_15,toys,west,manager_68,2023-09-13,93,71.7,7762.5
product_69,electronics,north,manager_1,2023-12-21,73,14.96,5353.42
product_31,electronics,north,manager_85,2023-10-19,91,65.22,734.7
product_53,home,south,manager_15,2023-11-13,44,57.27,3254.95
product_27,sports,north,manager_2,2024-02-28,41,41.43,5968.66
product_54,sports,south,manager_39,2023-08-28,43,89.6,5663.51
product_5,electronics,west,manager_77,2023-12-09,55,16.26,3758.98
product_89,sports,east,manager_39,2024-03-11,59,92.35,904.43
product_16,home,west,manager_80,2023-07-31,96,78.9,6750.1
product_67,electronics,north,manager_33,2024-03-16,19,90.24,1860.57
product_74,sports,west,manager_58,2024-03-19,9,84.36,7503.26
product_23,clothing,north,manager_5,2024-04-18,50,15.35,2416.38
product_69,sports,north,manager_2,2023-07-10,23,23.41,5879.54
product_81,home,east,manager_93,2024-02-12,44,92.76,5427.18
product_60,toys,west,manager_73,2023-06-21,85,41.22,8909.4
product_72,clothing,south,manager_81,2024-04-30,39,21.74,780.97
product_26,toys,south,manager_13,2024-01-31,33,64.15,4880.6
product_85,toys,west,manager_15,2024-01-03,24,71.6,6473.31
product_85,home,west,manager_49,2024-01-17,71,32.96,8127.94
product_32,sports,south,manager_81,2023-07-21,27,89.61,4411.1
product_95,home,north,manager_52,2024-05-08,27,15.86,4642.12
product_78,toys,west,manager_37,2023-08-07,56,55.61,488.26
product_87,electronics,west,manager_88,2024-04-16,98,57.52,5131.7
product_25,electronics,north,manager_21,2023-09-22,74,26.76,8419.2
product_26,toys,north,manager_36,2023-06-29,21,77.4,1720.6
product_58,electronics,south,manager_86,2024-06-09,16,16.4,4212.89
product_72,clothing,west,manager_3,2023-12-05,40,15.87,3832.59
product_1,electronics,west,manager_40,2024-05-14,84,88.9,1907.46
product_9,home,east,manager_50,2023-12-08,54,82.15,5648.66
product_23,clothing,east,manager_24,2024-02-09,17,11.14,7491.4
product_57,sports,east,manager_6,2023-07-17,5,88.22,6885.75
product_30,electronics,west,manager_18,2023-09-05,43,20.4,9937.95
product_22,sports,south,manager_71,2024-03-10,3,27.18,3368.79
product_68,electronics,east,manager_78,2023-10-02,12,69.13,5383.51
product_10,electronics,east,manager_92,2024-01-07,7,52.3,7988.97
product_83,home,north,manager_66,2024-05-30,51,62.94,3062.81
product_53,clothing,north,manager_88,2023-09-17,50,78.66,6371.61
product_45,sports,north,manager_75,2024-05-22,77,34.51,9496.35
product_7,home,east,manager_91,2023-08-27,40,31.57,7680.2
product_38,toys,north,manager_38,2024-01-02,56,97.25,8897.64
product_80,clothing,east,manager_2,2023-10-04,95,26.2,9330.38
product_86,toys,west,manager_97,2023-11-18,76,93.39,776.9
product_14,home,north,manager_91,2023-07-15,2,54.4,2791.9
product_60,home,north,manager_22,2023-12-11,25,85.22,2126.84
product_82,home,north,manager_47,2023-09-30,15,54.85,2588.4
product_29,sports,east,manager_97,2024-02-19,27,66.79,4804.76
product_84,home,north,manager_63,2023-07-04,81,10.5,6953.83
product_46,toys,north,manager_8,2024-02-29,69,73.73,2193.88
product_33,home,west,manager_100,2023-11-16,98,80.92,5285.16
product_69,toys,west,manager_62,2023-11-14,88,61.63,8770.16
product_66,home,south,manager_24,2024-05-07,19,65.81,4746.49
product_17,clothing,north,manager_82,2024-06-09,92,60.62,9619.48
product_42,electronics,east,manager_98,2023-11-08,33,75.72,871.33
product_80,electronics,south,manager_83,2024-01-12,86,75.26,2391.76
product_74,home,south,manager_78,2024-04-16,41,91.55,9667.64
product_17,sports,west,manager_24,2023-08-09,5,63.74,1587.49
product_69,sports,east,manager_44,2024-01-31,38,86.8,9534.25
product_37,toys,east,manager_34,2023-10-02,21,66.68,8449.52
product_75,clothing,north,manager_3,2024-05-24,87,73.65,5451.88
product_35,home,north,manager_46,2024-05-14,95,27.56,5861.82
product_25,toys,north,manager_53,2024-02-26,78,54.63,8536.1
product_97,clothing,north,manager_99,2023-08-17,82,34.94,9115.32
product_41,toys,east,manager_48,2023-08-01,96,46.67,4255.81
product_28,clothing,east,manager_37,2023-09-10,56,96.34,6167.42
product_62,home,west,manager_30,2024-03-16,59,76.79,6135.93
product_73,electronics,north,manager_32,2023-06-22,38,26.23,762.22
product_35,home,west,manager_31,2023-07-24,81,13.35,5032.53
product_16,toys,north,manager_50,2024-05-18,46,14.36,4564.66
product_41,clothing,north,manager_40,2023-11-11,46,51.66,239.94
product_65,toys,west,manager_63,2024-03-28,57,66.36,9570.21
product_8,toys,west,manager_96,2023-11-08,80,74.6,6094.48
product_40,toys,south,manager_9,2023-10-30,5,74.59,6258.32
product_29,toys,west,manager_22,2023-08-19,27,12.59,9998.12
product_65,sports,south,manager_29,2024-05-31,78,57.5,7223.84
product_29,electronics,east,manager_23,2024-01-11,11,70.7,9172.52
product_70,sports,west,manager_52,2024-02-28,31,54.59,4767.35
product_64,clothing,north,manager_81,2024-02-26,54,13.35,2291.8
product_78,home,west,manager_8,2023-12-14,12,87.13,9496.18
product_20,sports,north,manager_14,2023-12-01,48,99.11,1420.68
product_97,clothing,north,manager_92,2024-04-09,44,40.87,9617.61
product_100,electronics,north,manager_10,2024-03-18,26,77.54,2544.77
product_71,clothing,west,manager_20,2024-04-09,62,45.63,8420.96
product_46,toys,south,manager_19,2024-03-24,18,93.29,7311.88
product_32,clothing,east,manager_96,2023-09-07,47,60.3,6866.3
product_83,electronics,east,manager_21,2023-08-13,32,52.35,8252.55
product_78,sports,north,manager_99,2023-09-19,69,31.14,7372.37
product_80,clothing,west,manager_32,2024-04-25,71,40.65,8422.57
product_74,sports,east,manager_70,2023-09-14,21,11.9,9334.1
product_83,toys,north,manager_75,2023-10-01,87,32.44,320.25
product_11,electronics,south,manager_59,2024-05-23,50,75.63,4566.93
product_76,sports,west,manager_22,2023-06-24,18,26.7,1578.2
product_64,electronics,south,manager_89,2023-07-30,67,88.11,7754.15
product_80,home,north,manager_93,2024-05-11,40,25.19,7523.16
product_91,sports,east,manager_11,2023-08-03,29,20.45,206.66
product_92,clothing,west,manager_100,2024-02-09,91,31.32,2807.34
product_47,toys,east,manager_1,2023-12-29,67,18.85,2231.44
product_96,electronics,east,manager_58,2023-12-14,8,12.8,1881.32
product_12,sports,south,manager_74,2024-06-10,77,22.72,6658.26
product_32,sports,west,manager_57,2023-08-09,16,97.38,4970.87
product_27,home,north,manager_70,2024-06-05,4,23.32,4071.9
product_88,electronics,west,manager_45,2024-04-21,39,88.99,4666.6
product_26,toys,east,manager_11,2023-11-29,28,24.41,765.68
product_90,sports,north,manager_59,2023-11-04,17,96.94,1921.79
product_23,toys,west,manager_84,2024-02-03,45,55.68,5642.71
product_57,clothing,east,manager_85,2024-01-14,38,56.53,9286.4
product_45,home,east,manager_3,2024-02-10,6,95.18,7120.34
product_29,electronics,west,manager_60,2023-10-12,98,72.8,1092.68
product_19,toys,north,manager_94,2023-10-08,63,13.47,876.3
product_94,electronics,south,manager_31,2023-06-22,64,11.3,6615.58
product_8,electronics,north,manager_13,2023-11-19,21,39.22,2305.48
product_62,sports,east,manager_39,2023-11-17,78,53.18,8725.19
product_38,toys,south,manager_19,2024-05-12,64,35.73,4815.86
product_9,sports,east,manager_54,2023-09-16,92,38.28,3528.1
product_35,home,north,manager_17,2023-09-30,45,37.25,8992.49
product_54,home,north,manager_100,2023-07-29,31,98.49,3970.99
product_90,home,north,manager_83,2023-10-01,77,32.8,1859.15
product_63,sports,south,manager_19,2023-07-03,85,69.82,9947.65
product_22,electronics,west,manager_3,2023-09-05,79,58.79,5415.67
product_13,home,north,manager_29,2023-11-11,28,80.94,1769.61
product_96,home,south,manager_6,2023-11-05,70,21.72,5297.24
product_12,home,west,manager_16,2023-10-27,23,29.71,6455.31
product_8,sports,east,manager_85,2024-05-22,70,48.5,9029.48
product_100,clothing,south,manager_75,2023-07-04,22,53.17,7957.61
product_73,sports,north,manager_61,2024-02-03,74,31.69,8411.25
product_42,toys,south,manager_34,2023-08-12,45,64.51,433.1
product_66,electronics,east,manager_100,2023-12-22,74,47.15,4294.53
product_83,sports,west,manager_65,2023-11-06,10,18.99,6931.9
product_76,sports,west,manager_60,2023-12-10,46,72.94,9319.52
product_20,clothing,south,manager_11,2024-01-13,1,42.79,9207.93
product_34,toys,south,manager_48,2024-01-27,65,82.78,4174.41
product_92,sports,east,manager_74,2024-01-15,37,13.44,8298.5
product_49,toys,south,manager_43,2024-04-17,85,43.76,4371.71
product_31,toys,north,manager_82,2024-02-04,25,38.28,6010.41
product_61,clothing,north,manager_92,2024-05-04,81,68.17,705.16
product_53,clothing,south,manager_100,2024-02-12,95,12.33,6892.71
product_45,sports,west,manager_34,2023-06-30,59,26.65,4252.6
product_16,clothing,east,manager_38,2023-12-10,87,10.23,7965.92
product_84,sports,south,manager_27,2023-08-09,18,69.98,3275.9
product_29,toys,east,manager_61,2024-02-17,69,58.44,2329.68
product_36,electronics,south,manager_70,2024-02-08,37,74.71,4050.69
product_78,sports,south,manager_89,2023-11-09,18,53.76,2541.35
product_67,sports,east,manager_71,2024-03-25,4,66.13,8599.65
product_36,sports,north,manager_19,2024-05-07,58,56.87,7203.41
product_45,sports,west,manager_76,2024-03-20,20,24.92,3111.86
product_87,toys,east,manager_37,2023-06-28,98,18.45,9732.41
product_45,clothing,west,manager_81,2023-08-15,15,59.74,220.11
product_69,sports,south,manager_24,2023-11-28,93,91.24,6777.62
product_79,toys,north,manager_87,2024-02-06,46,94.32,4927.77
product_59,clothing,east,manager_78,2023-06-13,15,13.3,6517.25
product_39,electronics,east,manager_97,2023-08-25,53,72.16,1132.17
product_89,clothing,south,manager_91,2023-08-20,6,71.43,4195.73
product_88,home,north,manager_2,2024-05-05,76,13.2,706.54
product_20,home,north,manager_82,2023-11-17,22,27.96,3334.8
product_16,sports,west,manager_29,2024-04-28,2,43.89,7408.71
product_93,home,north,manager_47,2024-03-19,6,83.26,4300.43
product_56,clothing,west,manager_40,2023-11-04,94,34.3,5115.71
product_54,toys,east,manager_5,2024-05-23,16,78.11,1132.56
product_57,sports,south,manager_26,2023-07-15,81,78.75,738.66
product_72,toys,east,manager_2,2023-06-29,1,51.95,6861.72
product_48,sports,east,manager_42,2023-12-03,70,57.41,6655.5
product_52,home,west,manager_10,2023-12-28,89,82.36,5029.94
product_61,sports,west,manager_43,2023-08-11,71,16.42,5911.73
product_87,home,west,manager_12,2024-03-02,51,40.95,1300.78
product_91,clothing,south,manager_39,2024-01-30,84,42.81,2068.89
product_14,toys,north,manager_54,2023-08-27,69,94.63,7335.79
product_5,clothing,east,manager_52,2023-09-09,17,98.0,5792.47
product_80,clothing,west,manager_31,2023-08-02,93,40.75,2324.78
product_92,toys,east,manager_43,2024-04-25,37,27.37,2112.33
product_11,electronics,east,manager_79,2024-02-28,10,83.34,6699.24
product_47,electronics,south,manager_32,2023-09-06,79,88.94,7145.52
product_54,sports,west,manager_10,2023-09-14,99,70.17,9962.76
product_16,sports,north,manager_60,2023-07-29,62,78.4,5384.17
product_85,electronics,south,manager_70,2024-05-27,68,77.91,4424.94
product_4,clothing,south,manager_93,2023-11-24,67,41.7,9599.72
product_66,sports,south,manager_64,2023-07-23,79,33.51,8462.32
product_11,home,north,manager_89,2023-07-05,41,40.9,5988.25
product_62,electronics,east,manager_2,2024-04-18,75,15.71,6777.75
product_89,toys,east,manager_58,2024-06-07,45,35.21,5031.5
product_93,toys,east,manager_11,2024-04-11,40,59.91,886.11
product_18,sports,west,manager_37,2023-11-02,31,91.75,175.7
product_31,clothing,south,manager_25,2023-09-02,100,66.57,3102.6
product_69,home,east,manager_37,2023-11-11,49,31.72,2226.46
product_84,sports,south,manager_92,2024-04-22,35,20.25,1573.49
product_37,toys,south,manager_19,2024-02-07,82,96.15,1662.9
product_14,clothing,east,manager_75,2023-09-04,66,37.38,2740.56
product_90,home,north,manager_24,2024-05-07,84,61.12,6113.87
product_90,electronics,south,manager_58,2024-05-08,48,19.79,6952.63
product_86,electronics,west,manager_99,2024-03-30,81,89.9,9968.78
product_53,toys,south,manager_53,2024-03-29,29,36.95,9922.4
product_25,clothing,west,manager_41,2023-12-27,99,30.25,1447.71
product_83,home,south,manager_78,2023-07-03,19,25.52,3252.45
product_45,toys,south,manager_56,2023-09-08,33,76.66,161.74
product_56,toys,east,manager_37,2024-01-02,94,29.4,1506.76
product_73,clothing,north,manager_68,2024-03-21,58,66.4,7332.89
product_87,home,west,manager_6,2024-06-05,51,39.54,2484.41
product_52,clothing,east,manager_99,2023-08-07,9,44.0,9653.14
product_91,sports,west,manager_85,2024-03-21,83,43.87,1254.9
product_60,toys,south,manager_22,2024-03-03,66,97.25,5090.4
product_90,electronics,east,manager_74,2023-10-27,36,92.68,2108.48
product_72,electronics,south,manager_40,2024-04-29,52,39.84,5001.2
product_72,toys,south,manager_8,2023-10-29,7,96.84,3231.2
product_22,clothing,west,manager_8,2023-09-11,15,73.35,9153.67
product_94,home,north,manager_42,2023-07-11,32,62.35,3983.3
product_30,toys,south,manager_65,2024-01-28,6,24.1,404.42
product_100,sports,south,manager_32,2023-09-14,43,85.4,3107.16
product_53,toys,east,manager_60,2024-02-16,19,62.24,1075.13
product_42,home,west,manager_100,2023-12-09,62,89.43,4666.68
product_21,sports,west,manager_64,2023-09-22,61,16.87,7190.58
product_63,toys,north,manager_14,2024-05-30,12,26.8,2765.72
product_64,toys,west,manager_17,2023-07-05,47,73.37,1806.4
product_26,electronics,north,manager_28,2024-01-20,20,15.74,8532.95
product_13,home,south,manager_72,2023-10-18,41,36.73,3287.55
product_72,home,east,manager_2,2023-09-28,85,89.31,5708.38
product_5,electronics,south,manager_33,2023-10-17,83,85.96,4798.15
product_58,home,west,manager_99,2023-08-09,10,12.2,5616.62
product_61,electronics,east,manager_10,2023-07-28,54,34.49,3963.6
product_96,sports,west,manager_73,2023-09-06,73,69.84,3230.11
product_100,sports,west,manager_88,2023-10-10,32,95.26,3918.51
product_20,sports,north,manager_89,2024-02-06,18,85.88,9339.42
product_34,sports,east,manager_10,2023-06-20,52,10.5,4915.39
product_64,electronics,east,manager_68,2023-06-14,41,56.24,8814.84
product_78,home,south,manager_23,2023-06-25,73,92.69,278.87
product_46,electronics,south,manager_50,2024-05-06,81,47.0,6480.11
product_22,home,west,manager_13,2023-11-06,55,96.46,982.48
